{"MSFT": {"P/E": 36.234375, "P/B": 10.445946, "EV/EBITDA": 22.893, "ROE": 0.32241002, "Debt/Equity": 33.154}, "AAPL": {"P/E": 36.516087, "P/B": 54.580242, "EV/EBITDA": 28.207, "ROE": 1.7142199, "Debt/Equity": 152.411}, "GOOGL": {"P/E": 27.313242, "P/B": 8.628914, "EV/EBITDA": 22.601, "ROE": 0.3545, "Debt/Equity": 11.424}, "AMZN": {"P/E": 33.10155, "P/B": 6.785497, "EV/EBITDA": 18.434, "ROE": 0.24327, "Debt/Equity": 43.405}, "NVDA": {"P/E": 54.025566, "P/B": 46.236324, "EV/EBITDA": 46.55, "ROE": 1.09417, "Debt/Equity": 10.584}, "META": {"P/E": 26.95533, "P/B": 7.9171214, "EV/EBITDA": 15.679, "ROE": 0.32643002, "Debt/Equity": 26.311}, "AVGO": {"P/E": 87.81025, "P/B": 5.782746, "EV/EBITDA": 5.195, "ROE": 0.27083, "Debt/Equity": 166.032}, "ADBE": {"P/E": 20.655643, "P/B": 11.815229, "EV/EBITDA": 15.377, "ROE": 0.52875, "Debt/Equity": 56.542}, "CSCO": {"P/E": 30.115831, "P/B": 6.5828342, "EV/EBITDA": 20.479, "ROE": 0.22418, "Debt/Equity": 59.926}, "CRM": {"P/E": 35.46725, "P/B": 3.7942631, "EV/EBITDA": 20.0, "ROE": 0.11201999, "Debt/Equity": 19.255}, "AMD": {"P/E": 129.9, "P/B": 6.609802, "EV/EBITDA": 65.815, "ROE": 0.05317, "Debt/Equity": 6.366}, "INTC": {"P/E": 592.0, "P/B": 1.5913979, "EV/EBITDA": 18.722, "ROE": 0.0018600001, "Debt/Equity": 39.881}, "QCOM": {"P/E": 34.726543, "P/B": 8.811344, "EV/EBITDA": 13.705, "ROE": 0.2334, "Debt/Equity": 73.767}, "TXN": {"P/E": 28.969091, "P/B": 8.710365, "EV/EBITDA": 19.658, "ROE": 0.29757, "Debt/Equity": 84.477}, "ORCL": {"P/E": 51.585648, "P/B": 26.211481, "EV/EBITDA": 30.021, "ROE": 0.69241995, "Debt/Equity": 452.534}, "IBM": {"P/E": 36.47852, "P/B": 10.239841, "EV/EBITDA": 18.998, "ROE": 0.30156, "Debt/Equity": 237.831}, "NOW": {"P/E": 103.08242, "P/B": 15.619697, "EV/EBITDA": 69.459, "ROE": 0.16813, "Debt/Equity": 21.255}, "PYPL": {"P/E": 12.61245, "P/B": 2.926295, "EV/EBITDA": 9.092, "ROE": 0.24358, "Debt/Equity": 60.239}, "PANW": {"P/E": 128.28125, "P/B": 17.520273, "EV/EBITDA": 101.396, "ROE": 0.17452998, "Debt/Equity": 5.335}, "SNPS": {"P/E": 52.608635, "P/B": 2.618101, "EV/EBITDA": 64.79, "ROE": 0.065019995, "Debt/Equity": 54.828}, "CDNS": {"P/E": 81.37726, "P/B": 16.488482, "EV/EBITDA": 45.293, "ROE": 0.21736, "Debt/Equity": 47.685}, "MU": {"P/E": 32.563324, "P/B": 5.1129985, "EV/EBITDA": 15.594, "ROE": 0.17198999, "Debt/Equity": 28.343}, "KLAC": {"P/E": 35.59209, "P/B": 29.925339, "EV/EBITDA": 26.737, "ROE": 0.99167997, "Debt/Equity": 122.127}, "ADI": {"P/E": 59.920918, "P/B": 3.3901508, "EV/EBITDA": 25.995, "ROE": 0.05652, "Debt/Equity": 25.541}, "LRCX": {"P/E": 32.656387, "P/B": 18.315008, "EV/EBITDA": 26.826, "ROE": 0.62261003, "Debt/Equity": 43.991}, "AMAT": {"P/E": 26.098152, "P/B": 8.790059, "EV/EBITDA": 19.925, "ROE": 0.35508, "Debt/Equity": 32.109}, "JNJ": {"P/E": 18.930433, "P/B": 5.9468236, "EV/EBITDA": 15.641, "ROE": 0.33619, "Debt/Equity": 57.766}, "LLY": {"P/E": 50.258827, "P/B": 38.602413, "EV/EBITDA": 33.094, "ROE": 0.9647, "Debt/Equity": 178.516}, "UNH": {"P/E": 16.781021, "P/B": 3.044313, "EV/EBITDA": 12.007, "ROE": 0.17476, "Debt/Equity": 75.734}, "MRK": {"P/E": 12.291005, "P/B": 4.4576635, "EV/EBITDA": 8.053, "ROE": 0.39485002, "Debt/Equity": 79.708}, "PFE": {"P/E": 14.569767, "P/B": 1.5354452, "EV/EBITDA": 7.757, "ROE": 0.105979994, "Debt/Equity": 66.531}, "TMO": {"P/E": 33.451447, "P/B": 4.2617383, "EV/EBITDA": 23.045, "ROE": 0.13116999, "Debt/Equity": 69.75}, "DHR": {"P/E": 45.423, "P/B": 3.0592744, "EV/EBITDA": 22.662, "ROE": 0.06843, "Debt/Equity": 35.544}, "AMGN": {"P/E": 26.043308, "P/B": 18.851255, "EV/EBITDA": 13.741, "ROE": 0.8171, "Debt/Equity": 567.491}, "MDT": {"P/E": 26.483427, "P/B": 2.5659761, "EV/EBITDA": 15.213, "ROE": 0.09741, "Debt/Equity": 59.437}, "GILD": {"P/E": 19.35294, "P/B": 7.2086716, "EV/EBITDA": 12.131, "ROE": 0.40706003, "Debt/Equity": 116.243}, "CVS": {"P/E": 204.76315, "P/B": 1.3550084, "EV/EBITDA": 11.488, "ROE": 0.0057800002, "Debt/Equity": 111.821}, "CI": {"P/E": 11.931858, "P/B": 1.7196827, "EV/EBITDA": 8.53, "ROE": 0.15538, "Debt/Equity": 81.021}, "BMY": {"P/E": 15.707071, "P/B": 5.119622, "EV/EBITDA": 6.742, "ROE": 0.33777002, "Debt/Equity": 274.414}, "ZTS": {"P/E": 20.340067, "P/B": 9.88141, "EV/EBITDA": 14.646, "ROE": 0.49868, "Debt/Equity": 135.05}, "BSX": {"P/E": 54.91444, "P/B": 6.50678, "EV/EBITDA": 32.19, "ROE": 0.12488, "Debt/Equity": 50.973}, "SYK": {"P/E": 47.597897, "P/B": 6.3585296, "EV/EBITDA": 23.106, "ROE": 0.14036, "Debt/Equity": 78.646}, "ABT": {"P/E": 16.385195, "P/B": 4.45654, "EV/EBITDA": 19.803, "ROE": 0.3062, "Debt/Equity": 25.31}, "ELV": {"P/E": 13.282918, "P/B": 1.6459885, "EV/EBITDA": 7.668, "ROE": 0.12569, "Debt/Equity": 72.823}, "BRK-B": {"P/E": 16.28608, "P/B": 0.0010487676, "EV/EBITDA": -2.421, "ROE": 0.1017, "Debt/Equity": 18.166}, "V": {"P/E": 32.3549, "P/B": 17.027138, "EV/EBITDA": 22.819, "ROE": 0.52068, "Debt/Equity": 68.807}, "MA": {"P/E": 34.84866, "P/B": 62.148956, "EV/EBITDA": 25.414, "ROE": 1.8486099, "Debt/Equity": 239.715}, "BLK": {"P/E": 27.245426, "P/B": 2.9559653, "EV/EBITDA": 19.599, "ROE": 0.120740004, "Debt/Equity": 24.32}, "SPGI": {"P/E": 35.972324, "P/B": 4.522645, "EV/EBITDA": 21.781, "ROE": 0.119940005, "Debt/Equity": 31.784}, "CB": {"P/E": 12.348098, "P/B": 1.6215844, "EV/EBITDA": 11.025, "ROE": 0.1364, "Debt/Equity": 30.958}, "AON": {"P/E": 28.0104, "P/B": 9.490933, "EV/EBITDA": 16.931, "ROE": 0.3769, "Debt/Equity": 214.88}, "MMC": {"P/E": 21.919664, "P/B": 5.9115896, "EV/EBITDA": 14.06, "ROE": 0.28734, "Debt/Equity": 139.501}, "TROW": {"P/E": 11.104804, "P/B": 2.0569026, "EV/EBITDA": 7.208, "ROE": 0.1867, "Debt/Equity": 4.09}, "TSLA": {"P/E": 276.95206, "P/B": 16.807299, "EV/EBITDA": 122.37, "ROE": 0.06791, "Debt/Equity": 17.082}, "HD": {"P/E": 24.633581, "P/B": 33.805393, "EV/EBITDA": 30.484, "ROE": 1.9395399, "Debt/Equity": 580.591}, "COST": {"P/E": 50.768974, "P/B": 14.027478, "EV/EBITDA": 31.517, "ROE": 0.30686, "Debt/Equity": 34.066}, "NFLX": {"P/E": 465.3431, "P/B": 18.157581, "EV/EBITDA": 36.934, "ROE": 0.42861, "Debt/Equity": 65.822}, "DIS": {"P/E": 15.445256, "P/B": 1.724672, "EV/EBITDA": 11.989, "ROE": 0.12203, "Debt/Equity": 39.156}, "TGT": {"P/E": 10.477856, "P/B": 2.649182, "EV/EBITDA": 6.566, "ROE": 0.26319, "Debt/Equity": 132.309}, "NKE": {"P/E": 32.907692, "P/B": 7.0377274, "EV/EBITDA": 23.193, "ROE": 0.21122, "Debt/Equity": 82.128}, "CMG": {"P/E": 27.938053, "P/B": 12.991769, "EV/EBITDA": 19.357, "ROE": 0.44958, "Debt/Equity": 154.574}, "F": {"P/E": 11.273504, "P/B": 1.1089624, "EV/EBITDA": 18.983, "ROE": 0.10295, "Debt/Equity": 346.673}, "GM": {"P/E": 13.458015, "P/B": 0.9912847, "EV/EBITDA": 11.435, "ROE": 0.04442, "Debt/Equity": 195.437}, "ROST": {"P/E": 25.529411, "P/B": 9.118682, "EV/EBITDA": 17.516, "ROE": 0.37979, "Debt/Equity": 88.407}, "LULU": {"P/E": 11.658469, "P/B": 4.627355, "EV/EBITDA": 7.003, "ROE": 0.42422, "Debt/Equity": 40.178}, "PG": {"P/E": 21.557665, "P/B": 6.5727515, "EV/EBITDA": 15.002, "ROE": 0.31902, "Debt/Equity": 67.125}, "PEP": {"P/E": 27.675524, "P/B": 10.298687, "EV/EBITDA": 14.208, "ROE": 0.37162, "Debt/Equity": 260.19}, "KO": {"P/E": 23.562916, "P/B": 9.797605, "EV/EBITDA": 20.881, "ROE": 0.42442, "Debt/Equity": 144.771}, "WMT": {"P/E": 38.6717, "P/B": 9.06983, "EV/EBITDA": 20.545, "ROE": 0.23375, "Debt/Equity": 68.719}, "CL": {"P/E": 21.862747, "P/B": 73.49341, "EV/EBITDA": 14.597, "ROE": 2.93635, "Debt/Equity": 680.048}, "KMB": {"P/E": 17.59983, "P/B": 25.913055, "EV/EBITDA": 10.583, "ROE": 1.3688201, "Debt/Equity": 500.068}, "MDLZ": {"P/E": 21.29588, "P/B": 2.8026419, "EV/EBITDA": 16.733, "ROE": 0.13101, "Debt/Equity": 83.621}, "GIS": {"P/E": 8.962193, "P/B": 2.6666293, "EV/EBITDA": 10.308, "ROE": 0.30866, "Debt/Equity": 151.352}, "MNST": {"P/E": 40.517044, "P/B": 8.994702, "EV/EBITDA": 26.994, "ROE": 0.25538, "Debt/Equity": 0.779}, "STZ": {"P/E": 18.800583, "P/B": 3.013814, "EV/EBITDA": 9.21, "ROE": 0.15912, "Debt/Equity": 135.429}, "KR": {"P/E": 16.93147, "P/B": 5.4068727, "EV/EBITDA": 8.745, "ROE": 0.25049, "Debt/Equity": 271.402},