{"MSFT": {"P/E": 34.62118, "P/B": 9.973792, "EV/EBITDA": 22.161, "ROE": 0.32241002, "Debt/Equity": 33.154}, "AAPL": {"P/E": 36.0, "P/B": 53.808853, "EV/EBITDA": 27.7, "ROE": 1.7142199, "Debt/Equity": 152.411}, "GOOGL": {"P/E": 28.933794, "P/B": 9.140885, "EV/EBITDA": 23.256, "ROE": 0.3545, "Debt/Equity": 11.424}, "AMZN": {"P/E": 31.45339, "P/B": 6.438546, "EV/EBITDA": 17.505, "ROE": 0.24327, "Debt/Equity": 43.405}, "NVDA": {"P/E": 52.988636, "P/B": 45.348896, "EV/EBITDA": 44.371, "ROE": 1.09417, "Debt/Equity": 10.584}, "META": {"P/E": 26.131916, "P/B": 7.668485, "EV/EBITDA": 15.377, "ROE": 0.32643002, "Debt/Equity": 26.311}, "AVGO": {"P/E": 90.41327, "P/B": 5.9847016, "EV/EBITDA": 5.171, "ROE": 0.27083, "Debt/Equity": 166.032}, "ADBE": {"P/E": 19.844664, "P/B": 11.351341, "EV/EBITDA": 15.07, "ROE": 0.52875, "Debt/Equity": 56.542}, "CSCO": {"P/E": 30.26641, "P/B": 6.615748, "EV/EBITDA": 20.32, "ROE": 0.22418, "Debt/Equity": 59.926}, "CRM": {"P/E": 33.07402, "P/B": 3.5485377, "EV/EBITDA": 19.153, "ROE": 0.11201999, "Debt/Equity": 19.255}, "AMD": {"P/E": 117.041885, "P/B": 5.9868774, "EV/EBITDA": 61.372, "ROE": 0.05317, "Debt/Equity": 6.366}, "INTC": {"P/E": 585.1667, "P/B": 1.5730287, "EV/EBITDA": 18.178, "ROE": 0.0018600001, "Debt/Equity": 39.881}, "QCOM": {"P/E": 33.08964, "P/B": 8.412763, "EV/EBITDA": 13.023, "ROE": 0.2334, "Debt/Equity": 73.767}, "TXN": {"P/E": 28.613844, "P/B": 8.587907, "EV/EBITDA": 19.425, "ROE": 0.29757, "Debt/Equity": 84.477}, "ORCL": {"P/E": 52.206017, "P/B": 26.5267, "EV/EBITDA": 29.747, "ROE": 0.69241995, "Debt/Equity": 452.534}, "IBM": {"P/E": 34.430786, "P/B": 9.665025, "EV/EBITDA": 18.17, "ROE": 0.30156, "Debt/Equity": 237.831}, "NOW": {"P/E": 98.84383, "P/B": 14.995592, "EV/EBITDA": 66.762, "ROE": 0.16813, "Debt/Equity": 21.255}, "PYPL": {"P/E": 12.070281, "P/B": 2.800503, "EV/EBITDA": 8.794, "ROE": 0.24358, "Debt/Equity": 60.239}, "PANW": {"P/E": 124.16148, "P/B": 17.063593, "EV/EBITDA": 99.258, "ROE": 0.17452998, "Debt/Equity": 5.335}, "SNPS": {"P/E": 52.13225, "P/B": 2.5943935, "EV/EBITDA": 63.939, "ROE": 0.065019995, "Debt/Equity": 54.828}, "CDNS": {"P/E": 79.06186, "P/B": 16.060734, "EV/EBITDA": 43.599, "ROE": 0.21736, "Debt/Equity": 47.685}, "MU": {"P/E": 29.76548, "P/B": 4.679855, "EV/EBITDA": 14.457, "ROE": 0.17198999, "Debt/Equity": 28.343}, "KLAC": {"P/E": 36.73568, "P/B": 30.799631, "EV/EBITDA": 26.475, "ROE": 0.99167997, "Debt/Equity": 122.127}, "ADI": {"P/E": 58.93401, "P/B": 3.3513262, "EV/EBITDA": 25.491, "ROE": 0.05652, "Debt/Equity": 25.541}, "LRCX": {"P/E": 32.847683, "P/B": 18.381718, "EV/EBITDA": 25.906, "ROE": 0.62261003, "Debt/Equity": 43.991}, "AMAT": {"P/E": 27.119955, "P/B": 9.144757, "EV/EBITDA": 19.846, "ROE": 0.35508, "Debt/Equity": 32.109}, "JNJ": {"P/E": 19.547297, "P/B": 6.1465383, "EV/EBITDA": 15.948, "ROE": 0.33619, "Debt/Equity": 57.766}, "LLY": {"P/E": 51.476215, "P/B": 39.518074, "EV/EBITDA": 33.243, "ROE": 0.9647, "Debt/Equity": 178.516}, "UNH": {"P/E": 16.106827, "P/B": 2.923528, "EV/EBITDA": 11.75, "ROE": 0.17476, "Debt/Equity": 75.734}, "MRK": {"P/E": 12.572752, "P/B": 4.559847, "EV/EBITDA": 8.329, "ROE": 0.39485002, "Debt/Equity": 79.708}, "PFE": {"P/E": 14.465116, "P/B": 1.5244164, "EV/EBITDA": 7.848, "ROE": 0.105979994, "Debt/Equity": 66.531}, "TMO": {"P/E": 33.09054, "P/B": 4.2255063, "EV/EBITDA": 22.952, "ROE": 0.13116999, "Debt/Equity": 69.75}, "DHR": {"P/E": 45.669407, "P/B": 3.07587, "EV/EBITDA": 23.06, "ROE": 0.06843, "Debt/Equity": 35.544}, "AMGN": {"P/E": 26.48105, "P/B": 19.168112, "EV/EBITDA": 13.978, "ROE": 0.8171, "Debt/Equity": 567.491}, "GILD": {"P/E": 19.825079, "P/B": 7.384536, "EV/EBITDA": 12.32, "ROE": 0.40706003, "Debt/Equity": 116.243}, "CVS": {"P/E": 201.44737, "P/B": 1.3330663, "EV/EBITDA": 11.499, "ROE": 0.0057800002, "Debt/Equity": 111.821}, "CI": {"P/E": 12.034955, "P/B": 1.7345415, "EV/EBITDA": 8.598, "ROE": 0.15538, "Debt/Equity": 81.021}, "BMY": {"P/E": 15.417508, "P/B": 5.0252414, "EV/EBITDA": 6.785, "ROE": 0.33777002, "Debt/Equity": 274.414}, "ZTS": {"P/E": 19.710438, "P/B": 9.575529, "EV/EBITDA": 14.35, "ROE": 0.49868, "Debt/Equity": 135.05}, "BSX": {"P/E": 51.877007, "P/B": 6.1468763, "EV/EBITDA": 31.176, "ROE": 0.12488, "Debt/Equity": 50.973}, "SYK": {"P/E": 47.799213, "P/B": 6.393814, "EV/EBITDA": 22.949, "ROE": 0.14036, "Debt/Equity": 78.646}, "ABT": {"P/E": 15.84799, "P/B": 4.30502, "EV/EBITDA": 19.716, "ROE": 0.3062, "Debt/Equity": 25.31}, "ELV": {"P/E": 12.897268, "P/B": 1.5981996, "EV/EBITDA": 7.635, "ROE": 0.12569, "Debt/Equity": 72.823}, "BRK-B": {"P/E": 16.030062, "P/B": 0.0010329415, "EV/EBITDA": -2.421, "ROE": 0.1017, "Debt/Equity": 18.166}, "V": {"P/E": 31.745348, "P/B": 16.722733, "EV/EBITDA": 22.216, "ROE": 0.52068, "Debt/Equity": 68.807}, "MA": {"P/E": 33.953903, "P/B": 60.398586, "EV/EBITDA": 24.583, "ROE": 1.8486099, "Debt/Equity": 239.715}, "BLK": {"P/E": 26.13134, "P/B": 2.8350937, "EV/EBITDA": 18.489, "ROE": 0.120740004, "Debt/Equity": 24.32}, "SPGI": {"P/E": 35.74654, "P/B": 4.4942584, "EV/EBITDA": 21.636, "ROE": 0.119940005, "Debt/Equity": 31.784}, "CB": {"P/E": 12.284162, "P/B": 1.6131881, "EV/EBITDA": 11.058, "ROE": 0.1364, "Debt/Equity": 30.958}, "AON": {"P/E": 27.511591, "P/B": 9.329376, "EV/EBITDA": 16.868, "ROE": 0.3769, "Debt/Equity": 214.88}, "MMC": {"P/E": 21.213173, "P/B": 5.727914, "EV/EBITDA": 13.897, "ROE": 0.28734, "Debt/Equity": 139.501}, "TROW": {"P/E": 10.622683, "P/B": 1.9697492, "EV/EBITDA": 6.878, "ROE": 0.1867, "Debt/Equity": 4.09}, "TSLA": {"P/E": 280.54858, "P/B": 16.792334, "EV/EBITDA": 121.413, "ROE": 0.06791, "Debt/Equity": 17.082}, "HD": {"P/E": 22.801636, "P/B": 27.415785, "EV/EBITDA": 15.549, "ROE": 1.62909, "Debt/Equity": 539.922}, "COST": {"P/E": 49.01486, "P/B": 13.535366, "EV/EBITDA": 30.551, "ROE": 0.30686, "Debt/Equity": 34.066}, "NFLX": {"P/E": 45.833332, "P/B": 17.959183, "EV/EBITDA": 37.873, "ROE": 0.42861, "Debt/Equity": 65.822}, "DIS": {"P/E": 15.258017, "P/B": 1.7062515, "EV/EBITDA": 12.061, "ROE": 0.12203, "Debt/Equity": 39.632}, "TGT": {"P/E": 10.032635, "P/B": 2.5366142, "EV/EBITDA": 6.494, "ROE": 0.26319, "Debt/Equity": 132.309}, "NKE": {"P/E": 32.123077, "P/B": 6.8699274, "EV/EBITDA": 22.602, "ROE": 0.21122, "Debt/Equity": 82.128}, "CMG": {"P/E": 27.433628, "P/B": 12.757201, "EV/EBITDA": 18.899, "ROE": 0.44958, "Debt/Equity": 154.574}, "F": {"P/E": 11.025641, "P/B": 1.0845804, "EV/EBITDA": 18.914, "ROE": 0.10295, "Debt/Equity": 346.673}, "GM": {"P/E": 13.072519, "P/B": 0.9628901, "EV/EBITDA": 11.282, "ROE": 0.04442, "Debt/Equity": 195.437}, "ROST": {"P/E": 25.468252, "P/B": 9.1112995, "EV/EBITDA": 17.443, "ROE": 0.37979, "Debt/Equity": 88.407}, "LULU": {"P/E": 11.3428955, "P/B": 4.5021014, "EV/EBITDA": 6.736, "ROE": 0.42422, "Debt/Equity": 40.178}, "PG": {"P/E": 21.458395, "P/B": 6.542485, "EV/EBITDA": 14.938, "ROE": 0.31902, "Debt/Equity": 67.125}, "PEP": {"P/E": 27.914612, "P/B": 10.387657, "EV/EBITDA": 14.443, "ROE": 0.37162, "Debt/Equity": 260.19}, "KO": {"P/E": 23.546358, "P/B": 9.79072, "EV/EBITDA": 20.897, "ROE": 0.42442, "Debt/Equity": 144.771}, "WMT": {"P/E": 37.966038, "P/B": 8.904328, "EV/EBITDA": 20.342, "ROE": 0.23375, "Debt/Equity": 68.719}, "CL": {"P/E": 21.980392, "P/B": 73.888885, "EV/EBITDA": 14.812, "ROE": 2.93635, "Debt/Equity": 680.048}, "KMB": {"P/E": 17.32149, "P/B": 25.50324, "EV/EBITDA": 10.518, "ROE": 1.3688201, "Debt/Equity": 500.068}, "MDLZ": {"P/E": 21.003746, "P/B": 2.7641957, "EV/EBITDA": 16.485, "ROE": 0.13101, "Debt/Equity": 83.621}, "GIS": {"P/E": 9.003781, "P/B": 2.6790035, "EV/EBITDA": 10.348, "ROE": 0.30866, "Debt/Equity": 151.352}, "MNST": {"P/E": 41.079548, "P/B": 9.119576, "EV/EBITDA": 27.618, "ROE": 0.25538, "Debt/Equity": 0.779}, "STZ": {"P/E": 18.816595, "P/B": 3.0163805, "EV/EBITDA": 9.276, "ROE": 0.15912, "Debt/Equity": 135.429}, "KR": {"P/E": 17.109138, "P/B": 5.4636087, "EV/EBITDA": 8.808, "ROE": 0.25049, "Debt/Equity": 271.402}, "ADM": {"P/E": 23.67073, "P/B": 1.2425581, "EV/EBITDA": 14.91, "ROE": 0.05242, "Debt/Equity": 40.467},